{
    "league": 28.344755997823405,
    "SS": 33.41356280549138,
    "FS": 33.905490153079676,
    "MLB": 31.822532367055175,
    "CB": 34.43651956796149,
    "LB": 20.39035481970566,
    "DE": 9.020328521178572,
    "OLB": 26.876006514826322,
    "ILB": 29.625444337412493,
    "FB": 3.6639999999999997,
    "DB": 18.985013372046875,
    "S": 28.713198863640002,
    "WR": 2.657692307692308,
    "QB": 45.83,
    "RB": 14.68888888888889,
    "TE": 7.2780000000000005
}