{
    "league": [
        0.25080884352783156,
        0.4715359828141783
    ],
    "SS": [
        0.0576923076923077,
        0.45166474405415585
    ],
    "MLB": [
        0.09999999999999999,
        0.49242474129897656
    ],
    "CB": [
        0.06,
        0.4681477020509022
    ],
    "DE": [
        0.1,
        0.4849017615176152
    ],
    "OLB": [
        0.09333333333333337,
        0.4539811709464555
    ],
    "FS": [
        0.04696969696969698,
        0.45746220807643134
    ],
    "LB": [
        0.1375,
        0.49055749699613016
    ],
    "ILB": [
        0.09500000000000003,
        0.48972019845108666
    ],
    "S": [
        0.10000000000000002,
        0.4231208462025675
    ],
    "DB": [
        0.1,
        0.4141379310344827
    ]
}