{
    "league": 7.302087702610235,
    "SS": 10.049760780422414,
    "FS": 11.10515549627077,
    "MLB": 6.000837305110346,
    "CB": 5.280592210929896,
    "LB": 5.609893626776362,
    "OLB": 5.472233512488542,
    "DE": 5.667957120827271,
    "ILB": 5.96943675692143,
    "FB": 3.3274995461000003,
    "DB": 7.907790210543752,
    "S": 10.965081570645458,
    "TE": 9.475329709659999,
    "NT": 3.8257495593,
    "WR": 24.439135052718747,
    "QB": 2.7632385466,
    "RB": 16.48842405916
}