{
    "league": 5.68048910765743,
    "SS": 9.916576480962837,
    "FS": 11.053055636862865,
    "MLB": 5.973041565822138,
    "CB": 5.007766748681959,
    "LB": 5.546957403462495,
    "OLB": 5.459933642874179,
    "DE": 5.58440036851264,
    "ILB": 5.785253067252313,
    "FB": 3.422647708763513,
    "DB": 7.604865268670585,
    "S": 10.72074545717809,
    "TE": 9.475329709651737,
    "NT": 3.825749559280266,
    "WR": 24.43541005510859,
    "QB": 2.763238546556582,
    "RB": 16.488424059172182
}