{
    "league": 5.683550037392442,
    "SS": 9.694377686079239,
    "FS": 10.593362225591747,
    "MLB": 5.74985823408478,
    "CB": 5.089653315418181,
    "LB": 5.399760560400595,
    "OLB": 5.377560969543072,
    "DE": 5.407777074332423,
    "ILB": 5.81546017862898,
    "FB": 3.422647708763513,
    "DB": 8.02659316355161,
    "S": 10.833436913606597,
    "TE": 10.712061766323341,
    "NT": 3.825749559280266,
    "WR": 23.861863252293496,
    "QB": 2.763238546556582,
    "RB": 16.488424059172182
}